lg01	Htr-GVL-A000168	0.0
lg01	Htr-GVL-A001848	1.4
lg01	Htr-GVL-A000098	7.1
lg01	Htr-GVL-A001799	8.2
lg01	Htr-GVL-A001056	9.9
lg01	Htr-GVL-A002306	11.0
lg01	Htr-GVL-A001132	11.2
lg01	Htr-GVL-A001147	12.8
lg01	Htr-GVL-A000513	14.9
lg01	Htr-GVL-A000975	15.0
lg01	Htr-GVL-A001186	15.4
lg01	Htr-GVL-A001693	15.9
lg01	Htr-GVL-A000949	16.0
lg01	Htr-GVL-A001891	16.0
lg01	Htr-GVL-A000464	16.2
lg01	Htr-GVL-A002281	16.4
lg01	Htr-GVL-A000896	16.7
lg01	Htr-GVL-A000272	17.6
lg01	Htr-GVL-A002304	17.9
lg01	Htr-GVL-A001017	18.0
lg01	Htr-GVL-A001408	18.2
lg01	Htr-GVL-A002238	18.2
lg01	Htr-GVL-A000429	18.7
lg01	Htr-GVL-A000444	19.2
lg01	Htr-GVL-A000476	19.3
lg01	Htr-GVL-A002249	21.1
lg01	Htr-GVL-A000012	21.2
lg01	Htr-GVL-A000190	21.2
lg01	Htr-GVL-A001045	21.3
lg01	Htr-GVL-A000313	21.8
lg01	Htr-GVL-A002302	21.9
lg01	Htr-GVL-A000402	22.8
lg01	Htr-GVL-A000021	22.9
lg01	Htr-GVL-A000193	23.6
lg01	Htr-GVL-A000132	23.7
lg01	Htr-GVL-A002185	24.0
lg01	Htr-GVL-A001715	24.1
lg01	Htr-GVL-A001140	24.6
lg01	Htr-GVL-A000475	24.9
lg01	Htr-GVL-A000547	25.1
lg01	Htr-GVL-A000570	25.3
lg01	Htr-GVL-A001640	26.5
lg01	Htr-GVL-A001030	26.5
lg01	Htr-GVL-A001026	26.6
lg01	Htr-GVL-A000125	26.6
lg01	Htr-GVL-A001949	27.8
lg01	Htr-GVL-A000528	28.4
lg01	Htr-GVL-A002214	28.6
lg01	Htr-GVL-A001696	32.0
lg02	Htr-GVL-A000802	0.0
lg02	Htr-GVL-A001561	2.0
lg02	Htr-GVL-A001255	3.8
lg02	Htr-GVL-A001925	4.1
lg02	Htr-GVL-A000799	4.9
lg02	Htr-GVL-A001810	9.4
lg02	Htr-GVL-A001670	12.0
lg02	Htr-GVL-A001327	13.0
lg02	Htr-GVL-A001890	13.1
lg02	Htr-GVL-A000816	14.0
lg02	Htr-GVL-A001776	14.5
lg02	Htr-GVL-A001245	14.5
lg02	Htr-GVL-A001654	16.3
lg02	Htr-GVL-A002276	16.6
lg02	Htr-GVL-A000187	17.1
lg02	Htr-GVL-A000360	17.3
lg02	Htr-GVL-A001429	17.3
lg02	Htr-GVL-A001710	17.3
lg02	Htr-GVL-A002273	17.4
lg02	Htr-GVL-A000424	18.0
lg02	Htr-GVL-A001439	18.6
lg02	Htr-GVL-A001766	19.3
lg02	Htr-GVL-A001057	19.3
lg02	Htr-GVL-A000621	20.1
lg02	Htr-GVL-A001553	20.7
lg02	Htr-GVL-A000140	21.1
lg02	Htr-GVL-A000154	21.6
lg02	Htr-GVL-A002062	21.6
lg02	Htr-GVL-A000081	22.0
lg02	Htr-GVL-A001994	22.7
lg02	Htr-GVL-A000471	23.1
lg02	Htr-GVL-A001606	23.1
lg02	Htr-GVL-A000028	23.7
lg02	Htr-GVL-A001892	23.9
lg02	Htr-GVL-A001783	23.9
lg02	Htr-GVL-A002068	24.1
lg02	Htr-GVL-A000041	24.3
lg02	Htr-GVL-A000377	24.9
lg02	Htr-GVL-A000163	26.0
lg02	Htr-GVL-A001397	26.2
lg02	Htr-GVL-A001207	26.8
lg02	Htr-GVL-A000724	27.2
lg02	Htr-GVL-A000040	27.7
lg02	Htr-GVL-A001896	27.7
lg02	Htr-GVL-A000116	28.7
lg02	Htr-GVL-A001154	28.8
lg02	Htr-GVL-A000119	28.9
lg02	Htr-GVL-A000455	29.2
lg02	Htr-GVL-A000920	29.3
lg02	Htr-GVL-A000754	30.2
lg02	Htr-GVL-A001943	32.0
lg02	Htr-GVL-A000202	34.8
lg02	Htr-GVL-A001644	34.9
lg02	Htr-GVL-A000551	35.6
lg03	Htr-GVL-A000782	0.0
lg03	Htr-GVL-A000988	3.8
lg03	Htr-GVL-A000171	4.4
lg03	Htr-GVL-A001286	6.0
lg03	Htr-GVL-A001575	7.5
lg03	Htr-GVL-A002293	8.0
lg03	Htr-GVL-A000845	9.5
lg03	Htr-GVL-A001316	9.6
lg03	Htr-GVL-A000893	9.6
lg03	Htr-GVL-A001651	9.6
lg03	Htr-GVL-A000644	10.5
lg03	Htr-GVL-A000321	11.2
lg03	Htr-GVL-A001961	11.4
lg03	Htr-GVL-A000645	12.0
lg03	Htr-GVL-A001806	12.3
lg03	Htr-GVL-A000420	12.7
lg03	Htr-GVL-A001076	13.0
lg03	Htr-GVL-A000592	13.2
lg03	Htr-GVL-A002307	13.5
lg03	Htr-GVL-A001206	13.5
lg03	Htr-GVL-A002202	13.6
lg03	Htr-GVL-A001442	13.8
lg03	Htr-GVL-A001676	14
lg03	Htr-GVL-A000616	14.7
lg03	Htr-GVL-A000326	17
lg03	Htr-GVL-A001665	17.3
lg03	Htr-GVL-A000336	19.1
lg03	Htr-GVL-A000290	20.3
lg03	Htr-GVL-A001782	21.9
lg03	Htr-GVL-A001260	22.2
lg03	Htr-GVL-A000742	22.3
lg03	Htr-GVL-A002096	22.5
lg03	Htr-GVL-A000499	23.1
lg03	Htr-GVL-A002133	23.2
lg03	Htr-GVL-A000641	24.3
lg03	Htr-GVL-A001182	24.3
lg03	Htr-GVL-A002065	24.8
lg03	Htr-GVL-A000541	25.3
lg03	Htr-GVL-A001211	25.6
lg03	Htr-GVL-A002051	25.6
lg03	Htr-GVL-A002090	26.3
lg03	Htr-GVL-A000968	26.6
lg03	Htr-GVL-A001035	26.8
lg03	Htr-GVL-A001879	27.3
lg03	Htr-GVL-A000362	28.8
lg03	Htr-GVL-A000675	29.0
lg03	Htr-GVL-A002097	29.3
lg03	Htr-GVL-A002103	29.4
lg03	Htr-GVL-A000251	29.9
lg03	Htr-GVL-A000710	30.3
lg03	Htr-GVL-A000520	30.6
lg03	Htr-GVL-A001935	30.6
lg03	Htr-GVL-A000608	31.2
lg03	Htr-GVL-A001004	32.7
lg03	Htr-GVL-A000314	34.7
lg03	Htr-GVL-A001842	35.4
lg03	Htr-GVL-A000777	35.5
lg03	Htr-GVL-A000161	36.6
lg03	Htr-GVL-A001227	37.2
lg03	Htr-GVL-A001377	39.4
lg03	Htr-GVL-A002218	43.9
lg04	Htr-GVL-A001605	0.0
lg04	Htr-GVL-A002018	0.2
lg04	Htr-GVL-A000603	1.2
lg04	Htr-GVL-A001939	2.0
lg04	Htr-GVL-A001595	2.9
lg04	Htr-GVL-A001735	5.7
lg04	Htr-GVL-A000694	5.7
lg04	Htr-GVL-A001632	6.9
lg04	Htr-GVL-A000109	7.3
lg04	Htr-GVL-A001681	7.9
lg04	Htr-GVL-A001616	9.8
lg04	Htr-GVL-A001436	9.9
lg04	Htr-GVL-A000146	10.0
lg04	Htr-GVL-A000581	10.0
lg04	Htr-GVL-A000632	10.0
lg04	Htr-GVL-A000900	10.1
lg04	Htr-GVL-A001535	10.2
lg04	Htr-GVL-A002085	10.7
lg04	Htr-GVL-A001543	10.7
lg04	Htr-GVL-A000225	10.7
lg04	Htr-GVL-A000593	11.4
lg04	Htr-GVL-A001767	11.8
lg04	Htr-GVL-A000959	12.1
lg04	Htr-GVL-A001298	12.4
lg04	Htr-GVL-A001787	12.4
lg04	Htr-GVL-A002064	12.7
lg04	Htr-GVL-A001311	14.2
lg04	Htr-GVL-A001918	16.7
lg04	Htr-GVL-A001719	17.6
lg04	Htr-GVL-A000025	18.0
lg04	Htr-GVL-A000142	18.1
lg04	Htr-GVL-A001289	18.2
lg04	Htr-GVL-A000830	18.7
lg04	Htr-GVL-A001947	18.7
lg04	Htr-GVL-A000216	18.8
lg04	Htr-GVL-A000436	19.6
lg04	Htr-GVL-A000767	19.9
lg04	Htr-GVL-A000017	21.3
lg04	Htr-GVL-A000008	21.9
lg04	Htr-GVL-A001831	22.1
lg04	Htr-GVL-A000876	22.8
lg04	Htr-GVL-A001559	23.5
lg04	Htr-GVL-A000374	23.6
lg05	Htr-GVL-A002155	0.0
lg05	Htr-GVL-A002179	0.7
lg05	Htr-GVL-A000964	1.6
lg05	Htr-GVL-A001173	2.2
lg05	Htr-GVL-A000248	3.2
lg05	Htr-GVL-A001808	3.2
lg05	Htr-GVL-A002099	3.3
lg05	Htr-GVL-A001107	3.5
lg05	Htr-GVL-A000728	3.5
lg05	Htr-GVL-A000218	4.7
lg05	Htr-GVL-A000432	4.8
lg05	Htr-GVL-A000482	5.0
lg05	Htr-GVL-A000319	5.4
lg05	Htr-GVL-A001522	5.6
lg05	Htr-GVL-A001370	6.3
lg05	Htr-GVL-A001490	6.8
lg05	Htr-GVL-A000354	7.6
lg05	Htr-GVL-A002020	7.7
lg05	Htr-GVL-A001313	7.9
lg05	Htr-GVL-A000276	7.9
lg05	Htr-GVL-A000033	7.9
lg05	Htr-GVL-A000984	8.0
lg05	Htr-GVL-A000108	8.0
lg05	Htr-GVL-A001372	8.2
lg05	Htr-GVL-A001827	8.7
lg05	Htr-GVL-A001043	9.2
lg05	Htr-GVL-A000182	9.2
lg05	Htr-GVL-A001236	10.8
lg05	Htr-GVL-A000431	11.2
lg05	Htr-GVL-A001428	11.3
lg05	Htr-GVL-A000524	14.9
lg05	Htr-GVL-A000619	16.8
lg05	Htr-GVL-A002015	19.0
lg05	Htr-GVL-A001210	21.4
lg06	Htr-GVL-A000357	0.0
lg06	Htr-GVL-A000231	8.6
lg06	Htr-GVL-A002232	11.0
lg06	Htr-GVL-A002256	12.0
lg06	Htr-GVL-A000969	12.0
lg06	Htr-GVL-A000805	12.6
lg06	Htr-GVL-A000156	12.7
lg06	Htr-GVL-A000684	13.0
lg06	Htr-GVL-A001481	13.1
lg06	Htr-GVL-A000312	13.4
lg06	Htr-GVL-A000871	13.9
lg06	Htr-GVL-A000914	14.1
lg06	Htr-GVL-A001764	14.9
lg06	Htr-GVL-A000636	15.4
lg06	Htr-GVL-A001653	15.8
lg06	Htr-GVL-A002030	15.9
lg06	Htr-GVL-A001737	17.0
lg06	Htr-GVL-A000481	17.4
lg06	Htr-GVL-A001941	17.4
lg06	Htr-GVL-A002132	17.7
lg06	Htr-GVL-A001958	17.9
lg06	Htr-GVL-A001570	18.9
lg06	Htr-GVL-A002017	19.1
lg06	Htr-GVL-A001220	20.5
lg06	Htr-GVL-A001751	20.9
lg06	Htr-GVL-A000211	21.0
lg06	Htr-GVL-A000739	21.1
lg06	Htr-GVL-A001054	21.6
lg06	Htr-GVL-A001865	21.9
lg06	Htr-GVL-A000147	22.9
lg06	Htr-GVL-A000977	23.3
lg06	Htr-GVL-A001663	23.6
lg06	Htr-GVL-A000277	24.6
lg06	Htr-GVL-A002266	25.1
lg06	Htr-GVL-A001478	25.3
lg06	Htr-GVL-A001514	26.0
lg06	Htr-GVL-A001945	26.6
lg06	Htr-GVL-A000118	26.8
lg06	Htr-GVL-A000459	26.8
lg06	Htr-GVL-A000200	26.9
lg06	Htr-GVL-A000804	27.0
lg06	Htr-GVL-A000120	27.1
lg06	Htr-GVL-A001843	27.3
lg06	Htr-GVL-A001248	27.3
lg06	Htr-GVL-A001906	27.5
lg06	Htr-GVL-A001308	27.5
lg06	Htr-GVL-A000990	27.8
lg06	Htr-GVL-A000659	28.0
lg06	Htr-GVL-A001243	28.0
lg06	Htr-GVL-A001788	29.4
lg06	Htr-GVL-A001660	29.6
lg06	Htr-GVL-A000492	30.0
lg06	Htr-GVL-A001328	30.0
lg06	Htr-GVL-A000335	36.8
lg07	Htr-GVL-A001040	0.0
lg07	Htr-GVL-A001878	3.0
lg07	Htr-GVL-A001093	5.4
lg07	Htr-GVL-A000379	8.5
lg07	Htr-GVL-A000209	9.2
lg07	Htr-GVL-A001168	9.2
lg07	Htr-GVL-A000490	9.6
lg07	Htr-GVL-A001587	10.3
lg07	Htr-GVL-A000070	10.7
lg07	Htr-GVL-A000387	11.3
lg07	Htr-GVL-A000720	11.7
lg07	Htr-GVL-A001755	11.9
lg07	Htr-GVL-A000167	12.1
lg07	Htr-GVL-A000027	12.3
lg07	Htr-GVL-A000194	13.9
lg07	Htr-GVL-A002285	14.1
lg07	Htr-GVL-A001157	14.2
lg07	Htr-GVL-A001930	14.2
lg07	Htr-GVL-A000020	14.4
lg07	Htr-GVL-A000716	15.4
lg07	Htr-GVL-A001529	16.4
lg07	Htr-GVL-A000238	17.4
lg07	Htr-GVL-A002197	17.5
lg07	Htr-GVL-A001050	19.7
lg07	Htr-GVL-A000396	20.0
lg07	Htr-GVL-A001674	22.5
lg07	Htr-GVL-A001235	23.0
lg07	Htr-GVL-A001551	24.0
lg07	Htr-GVL-A001867	24.4
lg07	Htr-GVL-A001463	26.1
lg07	Htr-GVL-A000635	30.0
lg07	Htr-GVL-A000294	30.1
lg07	Htr-GVL-A000646	31.2
lg07	Htr-GVL-A000979	31.6
lg07	Htr-GVL-A000348	32.1
lg07	Htr-GVL-A000349	32.9
lg08	Htr-GVL-A001097	0.0
lg08	Htr-GVL-A002089	6.1
lg08	Htr-GVL-A001734	11.8
lg08	Htr-GVL-A000400	19.6
lg08	Htr-GVL-A001169	20.9
lg08	Htr-GVL-A001190	22.2
lg08	Htr-GVL-A000226	22.4
lg08	Htr-GVL-A001124	22.5
lg08	Htr-GVL-A001877	25.4
lg08	Htr-GVL-A000697	25.5
lg08	Htr-GVL-A001860	25.6
lg08	Htr-GVL-A000072	25.9
lg08	Htr-GVL-A000950	26.2
lg08	Htr-GVL-A000355	26.2
lg08	Htr-GVL-A000046	26.3
lg08	Htr-GVL-A000184	26.9
lg08	Htr-GVL-A001712	27.2
lg08	Htr-GVL-A000704	27.5
lg08	Htr-GVL-A001259	27.8
lg08	Htr-GVL-A002146	28.0
lg08	Htr-GVL-A000737	28.2
lg08	Htr-GVL-A001340	28.6
lg08	Htr-GVL-A002186	28.6
lg08	Htr-GVL-A001814	28.6
lg08	Htr-GVL-A001189	29.0
lg08	Htr-GVL-A000555	29.8
lg08	Htr-GVL-A001706	30.8
lg08	Htr-GVL-A001968	31.4
lg08	Htr-GVL-A001176	31.9
lg08	Htr-GVL-A001579	32.3
lg08	Htr-GVL-A000711	32.6
lg08	Htr-GVL-A001413	33.1
lg08	Htr-GVL-A002101	33.7
lg08	Htr-GVL-A001477	33.9
lg08	Htr-GVL-A000133	35.2
lg08	Htr-GVL-A001228	35.3
lg08	Htr-GVL-A001198	35.5
lg08	Htr-GVL-A000344	38.2
lg08	Htr-GVL-A000553	38.7
lg08	Htr-GVL-A000219	39.2
lg08	Htr-GVL-A000689	39.9
lg08	Htr-GVL-A002104	40.1
lg08	Htr-GVL-A002000	40.2
lg08	Htr-GVL-A001967	41.5
lg08	Htr-GVL-A00169	43.4
lg09	Htr-GVL-A000054	0.0
lg09	Htr-GVL-A000653	0.1
lg09	Htr-GVL-A000069	6.9
lg09	Htr-GVL-A000683	8.5
lg09	Htr-GVL-A002203	18.5
lg09	Htr-GVL-A001387	18.6
lg09	Htr-GVL-A000422	20.8
lg09	Htr-GVL-A000291	21.7
lg09	Htr-GVL-A001950	22.0
lg09	Htr-GVL-A001390	23.9
lg09	Htr-GVL-A001934	24.9
lg09	Htr-GVL-A000687	25.0
lg09	Htr-GVL-A001351	25.3
lg09	Htr-GVL-A001736	25.9
lg09	Htr-GVL-A002126	26.3
lg09	Htr-GVL-A001196	27.1
lg09	Htr-GVL-A000340	28.1
lg09	Htr-GVL-A001721	28.1
lg09	Htr-GVL-A002241	28.6
lg09	Htr-GVL-A000063	29.3
lg09	Htr-GVL-A001488	30.4
lg09	Htr-GVL-A001105	30.6
lg09	Htr-GVL-A000989	30.7
lg09	Htr-GVL-A000612	30.9
lg09	Htr-GVL-A000867	31.3
lg09	Htr-GVL-A000558	31.4
lg09	Htr-GVL-A002122	31.8
lg09	Htr-GVL-A000512	31.8
lg09	Htr-GVL-A000039	33.2
lg09	Htr-GVL-A000260	33.3
lg09	Htr-GVL-A002296	33.5
lg09	Htr-GVL-A000588	33.6
lg09	Htr-GVL-A002128	33.9
lg09	Htr-GVL-A000953	33.9
lg09	Htr-GVL-A000933	34.1
lg09	Htr-GVL-A001264	34.3
lg09	Htr-GVL-A001307	34.4
lg09	Htr-GVL-A001750	34.5
lg09	Htr-GVL-A002053	34.7
lg09	Htr-GVL-A001326	34.7
lg09	Htr-GVL-A000891	35.5
lg09	Htr-GVL-A001085	36.1
lg09	Htr-GVL-A001470	36.4
lg09	Htr-GVL-A002130	36.7
lg09	Htr-GVL-A001162	36.9
lg09	Htr-GVL-A001692	38.6
lg09	Htr-GVL-A002209	38.8
lg09	Htr-GVL-A000333	38.8
lg09	Htr-GVL-A002243	38.9
lg09	Htr-GVL-A000835	39.3
lg09	Htr-GVL-A001505	40.2
lg09	Htr-GVL-A001403	40.2
lg09	Htr-GVL-A000347	40.8
lg09	Htr-GVL-A001838	40.9
lg09	Htr-GVL-A001870	46.4
lg09	Htr-GVL-A001953	46.8
lg09	Htr-GVL-A000922	55.9
lg10	Htr-GVL-A000425	0.0
lg10	Htr-GVL-A000470	2.3
lg10	Htr-GVL-A002196	3.6
lg10	Htr-GVL-A000510	4.3
lg10	Htr-GVL-A002031	5.2
lg10	Htr-GVL-A000320	6.0
lg10	Htr-GVL-A001352	6.2
lg10	Htr-GVL-A000144	6.3
lg10	Htr-GVL-A001276	6.8
lg10	Htr-GVL-A001863	7.8
lg10	Htr-GVL-A001792	7.8
lg10	Htr-GVL-A000413	8.9
lg10	Htr-GVL-A001999	9.2
lg10	Htr-GVL-A000327	10.2
lg10	Htr-GVL-A001134	10.8
lg10	Htr-GVL-A002148	11.7
lg10	Htr-GVL-A001374	12.1
lg10	Htr-GVL-A000289	12.4
lg10	Htr-GVL-A001273	12.6
lg10	Htr-GVL-A000325	12.6
lg10	Htr-GVL-A001862	13.5
lg10	Htr-GVL-A000983	13.9
lg10	Htr-GVL-A000878	14.0
lg10	Htr-GVL-A001607	14.9
lg10	Htr-GVL-A001474	15.2
lg10	Htr-GVL-A000383	15.8
lg10	Htr-GVL-A000414	16.4
lg10	Htr-GVL-A000571	18.1
lg10	Htr-GVL-A000831	18.3
lg10	Htr-GVL-A001383	18.5
lg10	Htr-GVL-A000521	18.9
lg10	Htr-GVL-A000026	19.0
lg10	Htr-GVL-A001567	23.4
lg10	Htr-GVL-A000478	23.7
lg10	Htr-GVL-A001558	24.1
lg10	Htr-GVL-A000391	24.5
lg10	Htr-GVL-A000967	24.7
lg10	Htr-GVL-A001418	25.3
lg10	Htr-GVL-A001494	25.6
lg10	Htr-GVL-A001954	26.1
lg10	Htr-GVL-A000682	26.1
lg10	Htr-GVL-A001542	26.1
lg10	Htr-GVL-A001668	26.2
lg10	Htr-GVL-A000894	27.2
lg10	Htr-GVL-A000606	27.5
lg10	Htr-GVL-A001052	28.2
lg10	Htr-GVL-A001700	28.3
lg10	Htr-GVL-A000763	30.0
lg10	Htr-GVL-A001315	31.0
lg10	Htr-GVL-A001471	31.0
lg10	Htr-GVL-A001381	31.2
lg10	Htr-GVL-A002258	31.5
lg10	Htr-GVL-A000419	33.3
lg11	Htr-GVL-A000750	0.0
lg11	Htr-GVL-A001623	9.6
lg11	Htr-GVL-A001217	11.6
lg11	Htr-GVL-A001215	14.0
lg11	Htr-GVL-A001932	14.8
lg11	Htr-GVL-A000766	15.8
lg11	Htr-GVL-A001828	15.9
lg11	Htr-GVL-A002250	16.6
lg11	Htr-GVL-A001343	17.3
lg11	Htr-GVL-A002289	18.0
lg11	Htr-GVL-A001493	18.1
lg11	Htr-GVL-A001304	18.7
lg11	Htr-GVL-A001704	18.7
lg11	Htr-GVL-A000074	18.9
lg11	Htr-GVL-A000768	20.1
lg11	Htr-GVL-A001701	20.4
lg11	Htr-GVL-A000105	20.5
lg11	Htr-GVL-A002087	20.8
lg11	Htr-GVL-A002212	21.7
lg11	Htr-GVL-A001060	22.4
lg11	Htr-GVL-A001773	23.5
lg11	Htr-GVL-A000112	23.6
lg11	Htr-GVL-A002046	23.6
lg11	Htr-GVL-A001188	25.4
lg11	Htr-GVL-A001357	26.9
lg11	Htr-GVL-A000306	27.6
lg11	Htr-GVL-A000157	28.7
lg11	Htr-GVL-A001185	29.3
lg11	Htr-GVL-A001912	29.4
lg11	Htr-GVL-A000678	29.4
lg11	Htr-GVL-A000665	31.1
lg11	Htr-GVL-A002159	31.2
lg11	Htr-GVL-A000073	31.8
lg11	Htr-GVL-A001419	32.2
lg11	Htr-GVL-A000741	32.7
lg11	Htr-GVL-A000939	33.2
lg11	Htr-GVL-A000280	33.5
lg11	Htr-GVL-A000569	33.9
lg11	Htr-GVL-A000158	34.1
lg11	Htr-GVL-A001032	35.9
lg11	Htr-GVL-A001920	36.2
lg11	Htr-GVL-A001161	36.5
lg11	Htr-GVL-A001576	36.5
lg11	Htr-GVL-A000332	36.7
lg11	Htr-GVL-A000361	37.6
lg11	Htr-GVL-A002157	37.7
lg11	Htr-GVL-A000293	37.9
lg11	Htr-GVL-A000999	38.9
lg11	Htr-GVL-A000567	39.5
lg11	Htr-GVL-A001023	39.7
lg11	Htr-GVL-A001908	41.3
lg12	Htr-GVL-A000691	0.0
lg12	Htr-GVL-A000595	10.0
lg12	Htr-GVL-A000686	12.6
lg12	Htr-GVL-A001594	13.1
lg12	Htr-GVL-A002079	14.0
lg12	Htr-GVL-A001631	14.5
lg12	Htr-GVL-A000961	14.9
lg12	Htr-GVL-A002045	15.3
lg12	Htr-GVL-A000083	15.4
lg12	Htr-GVL-A002305	15.5
lg12	Htr-GVL-A001540	16.0
lg12	Htr-GVL-A001824	16.2
lg12	Htr-GVL-A000814	16.4
lg12	Htr-GVL-A001247	16.7
lg12	Htr-GVL-A001014	18.0
lg12	Htr-GVL-A001818	18.1
lg12	Htr-GVL-A000610	20.3
lg12	Htr-GVL-A001813	21.1
lg12	Htr-GVL-A001457	21.7
lg12	Htr-GVL-A001068	22.0
lg12	Htr-GVL-A001138	23.6
lg12	Htr-GVL-A002080	23.7
lg12	Htr-GVL-A002265	24.4
lg12	Htr-GVL-A000505	25.4
lg12	Htr-GVL-A000318	25.5
lg12	Htr-GVL-A001929	25.5
lg12	Htr-GVL-A001765	25.7
lg12	Htr-GVL-A000176	26.2
lg12	Htr-GVL-A002226	26.4
lg12	Htr-GVL-A000578	28.1
lg12	Htr-GVL-A002026	29.2
lg12	Htr-GVL-A002091	30.0
lg13	Htr-GVL-A002282	0.0
lg13	Htr-GVL-A001300	8.6
lg13	Htr-GVL-A001359	8.7
lg13	Htr-GVL-A000240	8.9
lg13	Htr-GVL-A002206	8.9
lg13	Htr-GVL-A001847	9.2
lg13	Htr-GVL-A001290	9.8
lg13	Htr-GVL-A001727	10.3
lg13	Htr-GVL-A001489	10.7
lg13	Htr-GVL-A001507	10.7
lg13	Htr-GVL-A001636	11.1
lg13	Htr-GVL-A000514	13.0
lg13	Htr-GVL-A002105	13.1
lg13	Htr-GVL-A001691	13.2
lg13	Htr-GVL-A001758	13.5
lg13	Htr-GVL-A001305	13.6
lg13	Htr-GVL-A002022	14.0
lg13	Htr-GVL-A001166	14.8
lg13	Htr-GVL-A001910	15.0
lg13	Htr-GVL-A001267	15.1
lg13	Htr-GVL-A001793	15.3
lg13	Htr-GVL-A000774	15.3
lg13	Htr-GVL-A000851	15.5
lg13	Htr-GVL-A000246	15.6
lg13	Htr-GVL-A001444	16.1
lg13	Htr-GVL-A000828	16.3
lg13	Htr-GVL-A001832	17.3
lg13	Htr-GVL-A001655	19.3
lg13	Htr-GVL-A001762	20.8
lg13	Htr-GVL-A001625	21.0
lg13	Htr-GVL-A001657	21.1
lg13	Htr-GVL-A001214	21.3
lg13	Htr-GVL-A000573	22.2
lg13	Htr-GVL-A002255	22.8
lg13	Htr-GVL-A000299	23.3
lg13	Htr-GVL-A001969	23.6
lg13	Htr-GVL-A001385	23.7
lg13	Htr-GVL-A001905	24.0
lg13	Htr-GVL-A000418	24.5
lg13	Htr-GVL-A000952	25.7
lg13	Htr-GVL-A001677	27.3
lg13	Htr-GVL-A000423	27.3
lg13	Htr-GVL-A000296	27.5
lg13	Htr-GVL-A001740	28.8
lg13	Htr-GVL-A000197	29.1
lg13	Htr-GVL-A000457	30.5
lg13	Htr-GVL-A002153	33.2
lg13	Htr-GVL-A000884	36.8
lg14	Htr-GVL-A000631	0.0
lg14	Htr-GVL-A000309	2.8
lg14	Htr-GVL-A002042	6.5
lg14	Htr-GVL-A001753	8.5
lg14	Htr-GVL-A001652	10.6
lg14	Htr-GVL-A001568	11.9
lg14	Htr-GVL-A000282	12.2
lg14	Htr-GVL-A000667	12.4
lg14	Htr-GVL-A001972	12.7
lg14	Htr-GVL-A001341	13.1
lg14	Htr-GVL-A001556	13.9
lg14	Htr-GVL-A000127	14.3
lg14	Htr-GVL-A001203	14.4
lg14	Htr-GVL-A001889	14.4
lg14	Htr-GVL-A001131	16.5
lg14	Htr-GVL-A000601	17.4
lg14	Htr-GVL-A000842	17.5
lg14	Htr-GVL-A001454	18.6
lg14	Htr-GVL-A001919	18.8
lg14	Htr-GVL-A000859	18.9
lg14	Htr-GVL-A000029	20.4
lg14	Htr-GVL-A001135	20.5
lg14	Htr-GVL-A002004	22.1
lg14	Htr-GVL-A001019	22.4
lg14	Htr-GVL-A000837	23.4
lg14	Htr-GVL-A001284	23.5
lg14	Htr-GVL-A000483	23.7
lg14	Htr-GVL-A000328	23.8
lg14	Htr-GVL-A000638	23.9
lg14	Htr-GVL-A001053	24.4
lg14	Htr-GVL-A001996	24.5
lg14	Htr-GVL-A001581	25.1
lg14	Htr-GVL-A002269	25.7
lg14	Htr-GVL-A000537	25.7
lg14	Htr-GVL-A002014	25.8
lg14	Htr-GVL-A000206	26.1
lg14	Htr-GVL-A000531	28.5
lg14	Htr-GVL-A000544	28.5
lg14	Htr-GVL-A000384	28.5
lg14	Htr-GVL-A000661	29.7
lg14	Htr-GVL-A000014	29.7
lg14	Htr-GVL-A002038	30.2
lg14	Htr-GVL-A000123	31.1
lg14	Htr-GVL-A001622	31.2
lg14	Htr-GVL-A001564	31.5
lg14	Htr-GVL-A001609	33.2
lg14	Htr-GVL-A000056	33.3
lg14	Htr-GVL-A001822	35.3
lg14	Htr-GVL-A001399	36.6
lg14	Htr-GVL-A001881	37.3
lg14	Htr-GVL-A001417	37.5
lg14	Htr-GVL-A001580	38.8
lg14	Htr-GVL-A001430	39.5
lg14	Htr-GVL-A002248	39.7
lg15	Htr-GVL-A001216	0.0
lg15	Htr-GVL-A000576	5.5
lg15	Htr-GVL-A000765	6.6
lg15	Htr-GVL-A000721	6.7
lg15	Htr-GVL-A000928	6.7
lg15	Htr-GVL-A001170	8.2
lg15	Htr-GVL-A001192	8.3
lg15	Htr-GVL-A001902	8.3
lg15	Htr-GVL-A000600	8.8
lg15	Htr-GVL-A001499	9.7
lg15	Htr-GVL-A001099	9.8
lg15	Htr-GVL-A001028	10.6
lg15	Htr-GVL-A002210	11.4
lg15	Htr-GVL-A001680	11.5
lg15	Htr-GVL-A001208	12.0
lg15	Htr-GVL-A000253	13.3
lg15	Htr-GVL-A000843	13.7
lg15	Htr-GVL-A000853	15.0
lg15	Htr-GVL-A001080	15.0
lg15	Htr-GVL-A000533	15.3
lg15	Htr-GVL-A001402	15.3
lg15	Htr-GVL-A001018	15.6
lg15	Htr-GVL-A001560	15.9
lg15	Htr-GVL-A001406	16.4
lg15	Htr-GVL-A000584	16.6
lg15	Htr-GVL-A000907	17.2
lg15	Htr-GVL-A000019	17.3
lg15	Htr-GVL-A000002	18.2
lg15	Htr-GVL-A000786	18.4
lg15	Htr-GVL-A001392	18.4
lg15	Htr-GVL-A001333	18.5
lg15	Htr-GVL-A001137	18.6
lg15	Htr-GVL-A000170	18.7
lg15	Htr-GVL-A002216	19.0
lg15	Htr-GVL-A000755	19.1
lg15	Htr-GVL-A001928	20.1
lg15	Htr-GVL-A000263	20.5
lg15	Htr-GVL-A001459	20.7
lg15	Htr-GVL-A002172	20.9
lg15	Htr-GVL-A001193	21.5
lg15	Htr-GVL-A001127	21.5
lg15	Htr-GVL-A000902	22.6
lg15	Htr-GVL-A001409	23.6
lg15	Htr-GVL-A000153	24.4
lg15	Htr-GVL-A000257	25.4
lg15	Htr-GVL-A001921	25.9
lg15	Htr-GVL-A001467	28.0
lg15	Htr-GVL-A002044	28.1
lg15	Htr-GVL-A000308	28.7
lg15	Htr-GVL-A000322	30.6
lg15	Htr-GVL-A001205	40.3
lg16	Htr-GVL-A001167	0.0
lg16	Htr-GVL-A002164	2.4
lg16	Htr-GVL-A001854	3.5
lg16	Htr-GVL-A002193	4.6
lg16	Htr-GVL-A000727	4.7
lg16	Htr-GVL-A002121	5.2
lg16	Htr-GVL-A000657	6.0
lg16	Htr-GVL-A000654	6.3
lg16	Htr-GVL-A000788	6.7
lg16	Htr-GVL-A000195	7.2
lg16	Htr-GVL-A001256	7.2
lg16	Htr-GVL-A000895	7.5
lg16	Htr-GVL-A000930	7.6
lg16	Htr-GVL-A002028	8.0
lg16	Htr-GVL-A001778	8.0
lg16	Htr-GVL-A000287	8.6
lg16	Htr-GVL-A000440	10.2
lg16	Htr-GVL-A001271	11.2
lg16	Htr-GVL-A000836	14.2
lg16	Htr-GVL-A000628	14.5
lg16	Htr-GVL-A000974	14.7
lg16	Htr-GVL-A000685	14.9
lg16	Htr-GVL-A000668	15.2
lg16	Htr-GVL-A00214Â·1	23.1
lg16	Htr-GVL-A001393	24.1
lg16	Htr-GVL-A000165	24.1
lg16	Htr-GVL-A000058	26.4
lg16	Htr-GVL-A002135	26.5
lg17	Htr-GVL-A000445	0.0
lg17	Htr-GVL-A000772	0.6
lg17	Htr-GVL-A001287	6.9
lg17	Htr-GVL-A000714	7.2
lg17	Htr-GVL-A001438	10.2
lg17	Htr-GVL-A001391	10.4
lg17	Htr-GVL-A001033	10.7
lg17	Htr-GVL-A001366	10.8
lg17	Htr-GVL-A001396	11.1
lg17	Htr-GVL-A001202	12.5
lg17	Htr-GVL-A002040	15.5
lg17	Htr-GVL-A000373	16.1
lg17	Htr-GVL-A001790	16.1
lg17	Htr-GVL-A001456	17.5
lg17	Htr-GVL-A002244	17.7
lg17	Htr-GVL-A000820	18.2
lg17	Htr-GVL-A000131	18.2
lg17	Htr-GVL-A000214	19.1
lg17	Htr-GVL-A001191	19.5
lg17	Htr-GVL-A001502	20.3
lg17	Htr-GVL-A002205	21.4
lg17	Htr-GVL-A001951	22.3
lg17	Htr-GVL-A001667	22.4
lg17	Htr-GVL-A000624	22.4
lg17	Htr-GVL-A001697	22.4
lg17	Htr-GVL-A001062	25.2
lg17	Htr-GVL-A001853	25.2
lg17	Htr-GVL-A000598	26.5
lg17	Htr-GVL-A000364	27.8
lg17	Htr-GVL-A000278	28.3
lg17	Htr-GVL-A002166	29.1
lg17	Htr-GVL-A001452	30.1
lg17	Htr-GVL-A000324	30.3
lg17	Htr-GVL-A000126	30.7
lg17	Htr-GVL-A000007	31.0
lg17	Htr-GVL-A001061	35.2
lg17	Htr-GVL-A001850	36.7
lg17	Htr-GVL-A000877	40.1
lg17	Htr-GVL-A001070	40.4
lg17	Htr-GVL-A002247	41.8
lg17	Htr-GVL-A002270	42.4
lg17	Htr-GVL-A000311	43.4
lg18	Htr-GVL-A000660	0.0
lg18	Htr-GVL-A000124	1.3
lg18	Htr-GVL-A001239	1.9
lg18	Htr-GVL-A000626	2.9
lg18	Htr-GVL-A001047	4.0
lg18	Htr-GVL-A000852	4.3
lg18	Htr-GVL-A002204	5.8
lg18	Htr-GVL-A001730	5.9
lg18	Htr-GVL-A002035	8.6
lg18	Htr-GVL-A000769	9.3
lg18	Htr-GVL-A001394	10.1
lg18	Htr-GVL-A001410	11.7
lg18	Htr-GVL-A001590	12.9
lg18	Htr-GVL-A001225	13.4
lg18	Htr-GVL-A001411	13.7
lg18	Htr-GVL-A000139	14.0
lg18	Htr-GVL-A001434	14.2
lg18	Htr-GVL-A002021	14.4
lg18	Htr-GVL-A002147	14.7
lg18	Htr-GVL-A000179	15.9
lg18	Htr-GVL-A000501	16.9
lg18	Htr-GVL-A002008	17.0
lg18	Htr-GVL-A000926	18.2
lg18	Htr-GVL-A001743	19.4
lg18	Htr-GVL-A002220	19.8
lg18	Htr-GVL-A000268	19.8
lg18	Htr-GVL-A001218	19.9
lg18	Htr-GVL-A001055	20.7
lg18	Htr-GVL-A001852	20.7
lg18	Htr-GVL-A001421	20.7
lg18	Htr-GVL-A000130	21.3
lg18	Htr-GVL-A001694	21.6
lg18	Htr-GVL-A002188	22.2
lg18	Htr-GVL-A001531	22.6
lg18	Htr-GVL-A00127	23.1
lg18	Htr-GVL-A001389	23.3
lg18	Htr-GVL-A002156	23.5
lg18	Htr-GVL-A000863	23.7
lg18	Htr-GVL-A000503	23.9
lg18	Htr-GVL-A001598	24.1
lg18	Htr-GVL-A002059	24.2
lg18	Htr-GVL-A002054	24.4
lg18	Htr-GVL-A000699	24.4
lg18	Htr-GVL-A002171	24.4
lg18	Htr-GVL-A000833	24.5
lg18	Htr-GVL-A001707	24.5
lg18	Htr-GVL-A001563	24.6
lg18	Htr-GVL-A000562	24.6
lg18	Htr-GVL-A000605	24.7
lg18	Htr-GVL-A001009	25.1
lg18	Htr-GVL-A001250	25.2
lg18	Htr-GVL-A001279	25.3
lg18	Htr-GVL-A000507	26.3
lg18	Htr-GVL-A000899	26.4
lg18	Htr-GVL-A000255	26.5
lg18	Htr-GVL-A000228	27.5
lg18	Htr-GVL-A000747	27.8
lg18	Htr-GVL-A001959	28.4
lg18	Htr-GVL-A002189	28.6
lg18	Htr-GVL-A000502	30.6
lg18	Htr-GVL-A001739	31.8
lg18	Htr-GVL-A000114	32.5
lg19	Htr-GVL-A001977	0.0
lg19	Htr-GVL-A000468	10.4
lg19	Htr-GVL-A002060	11.0
lg19	Htr-GVL-A002235	14.3
lg19	Htr-GVL-A001282	15.3
lg19	Htr-GVL-A002190	18.5
lg19	Htr-GVL-A000862	18.7
lg19	Htr-GVL-A000854	18.7
lg19	Htr-GVL-A002076	18.8
lg19	Htr-GVL-A002143	19.3
lg19	Htr-GVL-A000712	19.8
lg19	Htr-GVL-A002242	20.4
lg19	Htr-GVL-A002144	20.7
lg19	Htr-GVL-A001115	20.9
lg19	Htr-GVL-A000269	20.9
lg19	Htr-GVL-A001156	21.4
lg19	Htr-GVL-A000692	21.6
lg19	Htr-GVL-A001201	22.0
lg19	Htr-GVL-A002074	22.0
lg19	Htr-GVL-A000586	22.2
lg19	Htr-GVL-A000329	23.6
lg19	Htr-GVL-A001978	24.4
lg19	Htr-GVL-A001258	25.6
lg19	Htr-GVL-A001897	25.9
lg19	Htr-GVL-A000847	26.1
lg19	Htr-GVL-A000500	26.1
lg19	Htr-GVL-A000111	26.4
lg19	Htr-GVL-A000565	27.1
lg19	Htr-GVL-A001836	27.1
lg19	Htr-GVL-A001237	27.4
lg19	Htr-GVL-A000101	27.8
lg19	Htr-GVL-A000522	27.8
lg19	Htr-GVL-A001510	28.1
lg19	Htr-GVL-A001092	28.1
lg19	Htr-GVL-A000467	28.1
lg19	Htr-GVL-A000059	28.1
lg19	Htr-GVL-A001909	28.7
lg19	Htr-GVL-A001830	28.7
lg19	Htr-GVL-A000924	29.6
lg19	Htr-GVL-A001685	30.2
lg19	Htr-GVL-A001368	31.2
lg19	Htr-GVL-A002037	32.4
lg19	Htr-GVL-A000415	32.5
lg19	Htr-GVL-A001800	32.5
lg19	Htr-GVL-A000196	32.7
lg19	Htr-GVL-A000789	32.9
lg19	Htr-GVL-A001630	33.1
lg19	Htr-GVL-A001087	35.2
lg19	Htr-GVL-A001555	40.6
lg20	Htr-GVL-A002067	0.0
lg20	Htr-GVL-A001159	14.0
lg20	Htr-GVL-A000841	16.1
lg20	Htr-GVL-A000700	22.4
lg20	Htr-GVL-A002113	24.7
lg20	Htr-GVL-A000050	26.7
lg20	Htr-GVL-A001288	27.2
lg20	Htr-GVL-A001725	31.1
lg20	Htr-GVL-A001586	33.9
lg20	Htr-GVL-A001334	35.8
lg20	Htr-GVL-A001274	36.1
lg20	Htr-GVL-A001899	37.9
lg20	Htr-GVL-A001320	38.5
lg20	Htr-GVL-A001780	38.8
lg20	Htr-GVL-A000397	39.1
lg20	Htr-GVL-A001022	39.5
lg20	Htr-GVL-A001703	39.5
lg20	Htr-GVL-A000602	40.7
lg20	Htr-GVL-A000049	40.8
lg20	Htr-GVL-A001541	41.3
lg20	Htr-GVL-A000078	42.3
lg20	Htr-GVL-A001898	42.6
lg20	Htr-GVL-A000620	44.3
lg21	Htr-GVL-A001981	0.0
lg21	Htr-GVL-A001528	2.0
lg21	Htr-GVL-A000730	2.8
lg21	Htr-GVL-A002120	3.5
lg21	Htr-GVL-A001948	4.7
lg21	Htr-GVL-A001683	8.1
lg21	Htr-GVL-A001500	9.5
lg21	Htr-GVL-A001550	10.1
lg21	Htr-GVL-A000746	11.5
lg21	Htr-GVL-A002272	11.6
lg21	Htr-GVL-A001065	12.8
lg21	Htr-GVL-A000748	13.7
lg21	Htr-GVL-A002162	14.4
lg21	Htr-GVL-A000527	14.4
lg21	Htr-GVL-A000625	14.6
lg21	Htr-GVL-A001695	14.9
lg21	Htr-GVL-A001268	15.6
lg21	Htr-GVL-A002117	16.5
lg21	Htr-GVL-A001705	18.1
lg21	Htr-GVL-A001872	19.0
lg21	Htr-GVL-A001572	21.7
lg21	Htr-GVL-A002260	21.8
lg21	Htr-GVL-A001973	22.6
lg21	Htr-GVL-A002311	23.3
lg21	Htr-GVL-A000417	23.9
lg21	Htr-GVL-A002261	23.9
lg21	Htr-GVL-A000136	24.2
lg21	Htr-GVL-A000936	24.4
lg21	Htr-GVL-A000813	24.4
lg21	Htr-GVL-A002161	24.4
lg21	Htr-GVL-A000076	24.4
lg21	Htr-GVL-A000760	24.4
lg21	Htr-GVL-A002102	24.5
lg21	Htr-GVL-A002063	24.5
lg21	Htr-GVL-A001638	24.6
lg21	Htr-GVL-A002198	25.1
lg21	Htr-GVL-A001926	25.3
lg21	Htr-GVL-A002106	25.4
lg21	Htr-GVL-A001726	25.5
lg21	Htr-GVL-A000207	27.3
lg21	Htr-GVL-A002263	28.0
lg21	Htr-GVL-A001002	37.1
lg21	Htr-GVL-A000003	39.1
lg22	Htr-GVL-A000651	0.0
lg22	Htr-GVL-A001232	8.4
lg22	Htr-GVL-A000223	10.2
lg22	Htr-GVL-A001011	10.8
lg22	Htr-GVL-A000338	12.2
lg22	Htr-GVL-A001152	12.2
lg22	Htr-GVL-A000266	15.0
lg22	Htr-GVL-A000380	15.3
lg22	Htr-GVL-A001498	15.5
lg22	Htr-GVL-A001447	15.6
lg22	Htr-GVL-A000030	15.7
lg22	Htr-GVL-A001086	16.0
lg22	Htr-GVL-A001626	16.3
lg22	Htr-GVL-A002223	16.7
lg22	Htr-GVL-A001150	17.1
lg22	Htr-GVL-A001532	19.9
lg22	Htr-GVL-A001354	20.0
lg22	Htr-GVL-A000538	20.5
lg22	Htr-GVL-A002050	21.1
lg22	Htr-GVL-A000706	21.4
lg22	Htr-GVL-A000956	21.6
lg22	Htr-GVL-A000052	21.6
lg22	Htr-GVL-A000656	21.7
lg22	Htr-GVL-A000449	21.7
lg22	Htr-GVL-A001620	22.7
lg22	Htr-GVL-A001407	22.9
lg22	Htr-GVL-A002300	23.4
lg22	Htr-GVL-A000783	25.0
lg22	Htr-GVL-A000186	25.9
lg22	Htr-GVL-A001747	26.0
lg22	Htr-GVL-A001816	26.9
lg22	Htr-GVL-A000181	28.8
lg22	Htr-GVL-A001000	29.7
lg22	Htr-GVL-A000903	30.6
lg22	Htr-GVL-A000880	30.7
lg22	Htr-GVL-A000647	31.0
lg22	Htr-GVL-A001975	32.1
lg22	Htr-GVL-A000381	32.5
lg22	Htr-GVL-A001518	33.8
lg22	Htr-GVL-A000787	33.8
lg23	Htr-GVL-A001702	0.0
lg23	Htr-GVL-A001005	0.5
lg23	Htr-GVL-A001200	0.9
lg23	Htr-GVL-A001360	1.4
lg23	Htr-GVL-A000529	2.4
lg23	Htr-GVL-A000881	2.5
lg23	Htr-GVL-A001299	2.6
lg23	Htr-GVL-A001378	3.2
lg23	Htr-GVL-A002303	4.9
lg23	Htr-GVL-A000705	5.8
lg23	Htr-GVL-A001212	6.1
lg23	Htr-GVL-A001098	6.3
lg23	Htr-GVL-A001524	7.7
lg23	Htr-GVL-A000032	8.6
lg23	Htr-GVL-A000985	9.9
lg23	Htr-GVL-A002084	10.0
lg23	Htr-GVL-A001277	10.5
lg23	Htr-GVL-A001997	12.2
lg23	Htr-GVL-A002187	13.3
lg23	Htr-GVL-A000702	13.4
lg23	Htr-GVL-A000580	13.9
lg23	Htr-GVL-A000511	13.9
lg23	Htr-GVL-A000781	14.5
lg23	Htr-GVL-A000978	14.7
lg23	Htr-GVL-A001230	15.0
lg23	Htr-GVL-A001716	15.3
lg23	Htr-GVL-A000650	16.3
lg23	Htr-GVL-A000368	16.4
lg23	Htr-GVL-A002109	16.4
lg23	Htr-GVL-A001344	16.7
lg23	Htr-GVL-A000433	16.8
lg23	Htr-GVL-A000797	16.9
lg23	Htr-GVL-A002009	16.9
lg23	Htr-GVL-A000172	16.9
lg23	Htr-GVL-A000066	16.9
lg23	Htr-GVL-A002165	16.9
lg23	Htr-GVL-A002111	17.3
lg23	Htr-GVL-A000634	17.5
lg23	Htr-GVL-A001637	17.7
lg23	Htr-GVL-A001118	21.3
lg23	Htr-GVL-A001982	21.5
lg23	Htr-GVL-A001071	21.8
lg23	Htr-GVL-A001110	21.8
lg23	Htr-GVL-A000523	22.4
lg23	Htr-GVL-A001303	22.7
lg23	Htr-GVL-A000473	24.4
lg23	Htr-GVL-A000889	25.7
lg23	Htr-GVL-A000753	26.0
lg23	Htr-GVL-A002181	26.5
lg23	Htr-GVL-A000723	27.1
lg23	Htr-GVL-A002036	27.8
lg23	Htr-GVL-A001748	28.1
lg23	Htr-GVL-A001684	28.5
lg23	Htr-GVL-A001114	30.1
lg23	Htr-GVL-A000162	31.8
lg23	Htr-GVL-A002222	33.1
lg23	Htr-GVL-A001165	34.1
lg23	Htr-GVL-A000672	36.3
lg23	Htr-GVL-A001501	43.5
lg24	Htr-GVL-A001082	0.0
lg24	Htr-GVL-A002107	8.8
lg24	Htr-GVL-A000339	11.2
lg24	Htr-GVL-A002071	14.0
lg24	Htr-GVL-A001460	19.5
lg24	Htr-GVL-A001113	21.7
lg24	Htr-GVL-A000310	22.0
lg24	Htr-GVL-A001401	24.7
lg24	Htr-GVL-A001384	24.9
lg24	Htr-GVL-A001491	25.0
lg24	Htr-GVL-A001130	26.5
lg24	Htr-GVL-A000375	26.5
lg24	Htr-GVL-A000450	27.3
lg24	Htr-GVL-A000839	27.4
lg24	Htr-GVL-A000456	27.5
lg24	Htr-GVL-A000155	31.5
lg24	Htr-GVL-A001133	31.7
lg25	Htr-GVL-A000366	0.0
lg25	Htr-GVL-A000178	0.8
lg25	Htr-GVL-A002039	6.4
lg25	Htr-GVL-A001511	15.9
lg25	Htr-GVL-A000479	18.3
lg25	Htr-GVL-A001885	18.3
lg25	Htr-GVL-A000954	20.5
lg25	Htr-GVL-A001074	22.8
lg25	Htr-GVL-A000188	22.8
lg25	Htr-GVL-A001520	22.8
lg25	Htr-GVL-A001461	30.3
lg25	Htr-GVL-A002228	30.3
lg26	Htr-GVL-A001021	0.0
lg26	Htr-GVL-A000996	1.6
lg26	Htr-GVL-A001539	2.5
lg26	Htr-GVL-A000850	2.9
lg26	Htr-GVL-A001123	3.1
lg26	Htr-GVL-A000860	3.2
lg26	Htr-GVL-A002115	3.7
lg26	Htr-GVL-A000430	5.0
lg26	Htr-GVL-A000137	5.0
lg26	Htr-GVL-A001791	9.8
lg26	Htr-GVL-A002257	11.8
lg26	Htr-GVL-A001686	12.3
lg26	Htr-GVL-A000583	14.5
lg26	Htr-GVL-A001318	15.8
lg26	Htr-GVL-A001103	15.9
lg26	Htr-GVL-A000334	16.4
lg26	Htr-GVL-A001226	22.6
lg26	Htr-GVL-A002024	23.5
lg26	Htr-GVL-A001451	29.1
lg26	Htr-GVL-A000987	30.0
lg26	Htr-GVL-A000084	32.1
